date,sleep_duration_hours,sleep_score,hrv_ms,resting_hr_bpm,training_load,training_duration_min,temperature_deviation_c,sleeping_respiration_bpm
2026-08-01,7.6,85,57,58,44.0,58,-0.0,15.4
2026-08-02,7.2,88,53,54,51.0,53,-0.2,14.6
2026-08-03,7.0,87,51,52,69.0,65,-0.0,15.0
2026-08-04,7.2,86,50,55,38.0,62,-0.0,14.8
2026-08-05,7.4,80,58,52,51.0,60,-0.2,14.7
2026-08-06,7.7,86,54,54,25.0,39,-0.1,14.9
2026-08-07,7.5,77,56,54,37.0,51,0.0,15.3
2026-08-08,7.1,84,56,56,40.0,34,,14.7
2026-08-09,7.7,92,54,57,53.0,76,-0.1,15.1
2026-08-10,7.4,93,47,56,49.0,36,-0.0,15.0
2026-08-11,7.3,87,60,53,35.0,43,-0.0,15.2
2026-08-12,7.2,88,55,56,37.0,27,-0.0,14.9
2026-08-13,7.5,87,55,54,,21,-0.0,14.9
2026-08-14,7.3,88,62,55,51.0,58,-0.0,14.5
2026-08-15,7.4,95,54,55,47.0,61,-0.1,15.3
2026-08-16,6.4,76,49,57,72.0,90,0.0,15.2
2026-08-17,6.1,72,46,58,84.0,87,0.1,15.4
2026-08-18,6.0,69,44,59,91.0,110,0.2,15.5
2026-08-19,5.8,67,42,60,88.0,87,0.2,15.7
2026-08-20,6.2,71,45,59,76.0,93,0.1,15.4
2026-08-21,7.4,84,48,58,35.0,62,0.0,15.2
2026-08-22,7.8,88,52,56,20.0,20,-0.1,15.0
2026-08-23,8.0,91,55,55,28.0,26,-0.1,14.9
2026-08-24,7.7,89,54,55,42.0,49,0.0,15.0
2026-08-25,7.2,78,55,52,55.0,55,-0.1,15.4
2026-08-26,7.3,90,50,55,67.0,79,-0.1,15.0
2026-08-27,7.7,79,49,56,52.0,52,0.0,
2026-08-28,7.5,87,52,58,55.0,53,-0.1,15.2
2026-08-29,7.7,91,51,56,54.0,59,0.1,15.5
2026-08-30,7.1,81,51,54,53.0,61,0.0,15.2
